html/01.html	200	https://crooksldn.com/
html/02.html	200	https://crooksldn.com/agents.md
html/03.html	200	https://crooksldn.com/blogs/news
html/04.html	200	https://crooksldn.com/collections/accessories
html/05.html	200	https://crooksldn.com/collections/all
html/06.html	200	https://crooksldn.com/collections/denim
html/07.html	200	https://crooksldn.com/collections/denim-1
html/08.html	200	https://crooksldn.com/collections/frontpage
html/09.html	200	https://crooksldn.com/collections/new
html/10.html	200	https://crooksldn.com/collections/new-1
html/11.html	200	https://crooksldn.com/collections/sweats
html/12.html	200	https://crooksldn.com/collections/sweats-1
html/13.html	200	https://crooksldn.com/collections/tees
html/14.html	200	https://crooksldn.com/collections/tees-1
html/15.html	200	https://crooksldn.com/collections/tracksuits
html/16.html	200	https://crooksldn.com/pages/contact
html/17.html	200	https://crooksldn.com/pages/data-sharing-opt-out
html/18.html	200	https://crooksldn.com/pages/faq
html/19.html	200	https://crooksldn.com/pages/returns
html/20.html	200	https://crooksldn.com/pages/terms
html/21.html	200	https://crooksldn.com/pages/tracking
html/22.html	200	https://crooksldn.com/products/black-joggers
html/23.html	200	https://crooksldn.com/products/black-socks
html/24.html	200	https://crooksldn.com/products/blue-wash-yard-jeans
html/25.html	200	https://crooksldn.com/products/blue-wash-yard-jorts
html/26.html	200	https://crooksldn.com/products/charcoal-cellblock-crewneck
html/27.html	200	https://crooksldn.com/products/charcoal-cellblock-shorts
html/28.html	200	https://crooksldn.com/products/convict-hoodie-1
html/29.html	200	https://crooksldn.com/products/crooks-express-t-shirt
html/30.html	200	https://crooksldn.com/products/crx-garms-t-shirt
html/31.html	200	https://crooksldn.com/products/crxst-rz-t-shirt
html/32.html	200	https://crooksldn.com/products/double-agent-puffa
html/33.html	200	https://crooksldn.com/products/grey-wash-yard-jeans
html/34.html	200	https://crooksldn.com/products/grey-wash-yard-jorts
html/35.html	200	https://crooksldn.com/products/hydrocuff-windbreaker
html/36.html	200	https://crooksldn.com/products/major-league-crooks-cap-cream
html/37.html	200	https://crooksldn.com/products/og-jeans
html/38.html	200	https://crooksldn.com/products/pink-crsdr-hoodie
html/39.html	200	https://crooksldn.com/products/pink-crsdr-joggers
html/40.html	200	https://crooksldn.com/products/v1-hoodie
html/41.html	200	https://crooksldn.com/products/v2-baggies
html/42.html	200	https://crooksldn.com/products/white-socks
html/43.html	200	https://crooksldn.com/cart
html/44.html	200	https://crooksldn.com/search
html/45.html	200	https://crooksldn.com/search?q=jeans
html/46.html	200	https://crooksldn.com/policies/refund-policy
html/47.html	200	https://crooksldn.com/policies/shipping-policy
html/48.html	200	https://crooksldn.com/policies/terms-of-service
html/49.html	200	https://crooksldn.com/policies/privacy-policy
html/50.html	200	https://crooksldn.com/policies/contact-information
html/51.html	200	https://crooksldn.com/products/blue-wash-yard-jeans?variant=53639822377303
html/52.html	301	https://crooksldn.com/collections/denim/products/blue-wash-yard-jeans
