url	title_before	title_after	title_len_before	title_len_after	desc_len_before	desc_len_after	desc_after	robots_before	robots_after	h1_before	h1_after	canonical_after	jsonld_types_before	jsonld_types_after	jsonld_invalid_after
https://crooksldn.com/	Crooks London | CROOKSLDN Streetwear: Fleece, Denim & Tees	Crooks London Streetwear | Fleece, Denim & Tees	58	47	157	147	CROOKSLDN, the Crooks London streetwear label: 550gsm Convict fleece, 14oz Yard denim, graphic tees and MotionTec socks. Free UK shipping over £30.			CROOKSLDN	CROOKSLDN	https://crooksldn.com/	ContactPoint; EntryPoint; Organization; SearchAction; WebSite	Brand; ContactPoint; EntryPoint; MerchantReturnPolicy; Organization; SearchAction; WebSite	0
https://crooksldn.com/blogs/news	News\n – CROOKSLDN	News | CROOKSLDN	17	16	0	0				News	News	https://crooksldn.com/blogs/news	ContactPoint; EntryPoint; Organization; SearchAction; WebSite	Brand; ContactPoint; EntryPoint; MerchantReturnPolicy; Organization; SearchAction; WebSite	0
https://crooksldn.com/collections/accessories	Socks & Accessories | CROOKSLDN	Socks & Accessories | CROOKSLDN	31	31	161	152	MotionTec socks and accessories from Crooks London. Cotton-blend socks with a reinforced heel, in single pairs or packs of 3, 6 or 12. Free UK shipping…			Accessories	Accessories	https://crooksldn.com/collections/accessories	BreadcrumbList; CollectionPage; ContactPoint; EntryPoint; ItemList; ListItemx4; Organization; SearchAction; WebSite	Brand; BreadcrumbList; CollectionPage; ContactPoint; EntryPoint; ItemList; ListItemx4; MerchantReturnPolicy; Organization; SearchAction; WebSite	0
https://crooksldn.com/collections/all	ALL\n – CROOKSLDN	ALL | CROOKSLDN	16	15	0	126	Shop ALL from CROOKSLDN (Crooks London): 20 pieces, including BLACK CONVICT HOODIE, BLACK CONVICT SWEATS, GREY CONVICT HOODIE.			ALL	ALL	https://crooksldn.com/collections/all	BreadcrumbList; CollectionPage; ContactPoint; EntryPoint; ItemList; ListItemx22; Organization; SearchAction; WebSite	Brand; BreadcrumbList; CollectionPage; ContactPoint; EntryPoint; ItemList; ListItemx22; MerchantReturnPolicy; Organization; SearchAction; WebSite	0
https://crooksldn.com/collections/denim	Denim\n – CROOKSLDN	Denim | CROOKSLDN	18	17	23	23	Jorts, jeans and denim.			Denim	Denim	https://crooksldn.com/collections/denim	BreadcrumbList; CollectionPage; ContactPoint; EntryPoint; ItemList; ListItemx3; Organization; SearchAction; WebSite	Brand; BreadcrumbList; CollectionPage; ContactPoint; EntryPoint; ItemList; ListItemx3; MerchantReturnPolicy; Organization; SearchAction; WebSite	0
https://crooksldn.com/collections/denim-1	DENIM\n – CROOKSLDN	DENIM | CROOKSLDN	18	17	0	0				DENIM	DENIM	https://crooksldn.com/collections/denim-1	BreadcrumbList; CollectionPage; ContactPoint; EntryPoint; ItemList; ListItemx2; Organization; SearchAction; WebSite	Brand; BreadcrumbList; CollectionPage; ContactPoint; EntryPoint; ItemList; ListItemx2; MerchantReturnPolicy; Organization; SearchAction; WebSite	0
https://crooksldn.com/collections/frontpage	PRODUCTS\n – CROOKSLDN	PRODUCTS | CROOKSLDN	21	20	0	130	Shop PRODUCTS from CROOKSLDN (Crooks London): 19 pieces, including GREY CONVICT HOODIE, GREY CONVICT SWEATS, BLACK CONVICT HOODIE.			PRODUCTS	PRODUCTS	https://crooksldn.com/collections/frontpage	BreadcrumbList; CollectionPage; ContactPoint; EntryPoint; ItemList; ListItemx21; Organization; SearchAction; WebSite	Brand; BreadcrumbList; CollectionPage; ContactPoint; EntryPoint; ItemList; ListItemx21; MerchantReturnPolicy; Organization; SearchAction; WebSite	0
https://crooksldn.com/collections/new	New\n – CROOKSLDN	New | CROOKSLDN	16	15	16	16	The latest drop.			New	New	https://crooksldn.com/collections/new	BreadcrumbList; CollectionPage; ContactPoint; EntryPoint; ItemList; ListItemx21; Organization; SearchAction; WebSite	Brand; BreadcrumbList; CollectionPage; ContactPoint; EntryPoint; ItemList; ListItemx21; MerchantReturnPolicy; Organization; SearchAction; WebSite	0
https://crooksldn.com/collections/new-1	NEW\n – CROOKSLDN	NEW | CROOKSLDN	16	15	0	129	Shop NEW from CROOKSLDN (Crooks London): 8 pieces, including PINK CONVICT HOODIE, PINK CONVICT SWEATS, CHARCOAL CELLBLOCK SHORTS.			NEW	NEW	https://crooksldn.com/collections/new-1	BreadcrumbList; CollectionPage; ContactPoint; EntryPoint; ItemList; ListItemx10; Organization; SearchAction; WebSite	Brand; BreadcrumbList; CollectionPage; ContactPoint; EntryPoint; ItemList; ListItemx10; MerchantReturnPolicy; Organization; SearchAction; WebSite	0
https://crooksldn.com/collections/sweats	Sweats\n – CROOKSLDN	Sweats | CROOKSLDN	19	18	39	39	Hoodies, crewnecks, joggers and shorts.			Sweats	Sweats	https://crooksldn.com/collections/sweats	BreadcrumbList; CollectionPage; ContactPoint; EntryPoint; ItemList; ListItemx10; Organization; SearchAction; WebSite	Brand; BreadcrumbList; CollectionPage; ContactPoint; EntryPoint; ItemList; ListItemx10; MerchantReturnPolicy; Organization; SearchAction; WebSite	0
https://crooksldn.com/collections/sweats-1	SWEATS\n – CROOKSLDN	SWEATS | CROOKSLDN	19	18	0	0				SWEATS	SWEATS	https://crooksldn.com/collections/sweats-1	BreadcrumbList; CollectionPage; ContactPoint; EntryPoint; ItemList; ListItemx2; Organization; SearchAction; WebSite	Brand; BreadcrumbList; CollectionPage; ContactPoint; EntryPoint; ItemList; ListItemx2; MerchantReturnPolicy; Organization; SearchAction; WebSite	0
https://crooksldn.com/collections/tees	Tees\n – CROOKSLDN	Tees | CROOKSLDN	17	16	19	19	All CROOKSLDN tees.			Tees	Tees	https://crooksldn.com/collections/tees	BreadcrumbList; CollectionPage; ContactPoint; EntryPoint; ItemList; ListItemx5; Organization; SearchAction; WebSite	Brand; BreadcrumbList; CollectionPage; ContactPoint; EntryPoint; ItemList; ListItemx5; MerchantReturnPolicy; Organization; SearchAction; WebSite	0
https://crooksldn.com/collections/tees-1	TEES\n – CROOKSLDN	TEES | CROOKSLDN	17	16	0	0				TEES	TEES	https://crooksldn.com/collections/tees-1	BreadcrumbList; CollectionPage; ContactPoint; EntryPoint; ItemList; ListItemx2; Organization; SearchAction; WebSite	Brand; BreadcrumbList; CollectionPage; ContactPoint; EntryPoint; ItemList; ListItemx2; MerchantReturnPolicy; Organization; SearchAction; WebSite	0
https://crooksldn.com/collections/tracksuits	Convict Tracksuits: Matching Fleece Sets | CROOKSLDN	Convict Tracksuits: Matching Fleece Sets | CROOKSLDN	52	52	153	153	Crooks London Convict tracksuits: 550gsm brushed fleece hoodies and baggy joggers, sold as matching Black, Grey and Pink sets. Free UK shipping over £30.			TRACKSUITS	TRACKSUITS	https://crooksldn.com/collections/tracksuits	BreadcrumbList; CollectionPage; ContactPoint; EntryPoint; ItemList; ListItemx8; Organization; SearchAction; WebSite	Brand; BreadcrumbList; CollectionPage; ContactPoint; EntryPoint; ItemList; ListItemx8; MerchantReturnPolicy; Organization; SearchAction; WebSite	0
https://crooksldn.com/pages/contact	Contact Crooks London | CROOKSLDN	Contact Crooks London | CROOKSLDN	33	33	148	148	Contact Crooks London about an order, a return or a size swap. The same people who pack the orders read the inbox and reply within 1–2 working days.			CONTACT	CONTACT	https://crooksldn.com/pages/contact	ContactPoint; EntryPoint; Organization; SearchAction; WebSite	Brand; ContactPoint; EntryPoint; MerchantReturnPolicy; Organization; SearchAction; WebSite	0
https://crooksldn.com/pages/data-sharing-opt-out	Your Privacy Choices\n – CROOKSLDN	Your Privacy Choices | CROOKSLDN	33	32	320	154	As described in our Privacy Policy, we collect personal information from your interactions with us and our website, including through cookies and similar…			Your Privacy Choices	Your Privacy Choices	https://crooksldn.com/pages/data-sharing-opt-out	ContactPoint; EntryPoint; Organization; SearchAction; WebSite	Brand; ContactPoint; EntryPoint; MerchantReturnPolicy; Organization; SearchAction; WebSite	0
https://crooksldn.com/pages/faq	FAQ: Delivery, Sizing & Exchanges | CROOKSLDN	FAQ: Delivery, Sizing & Exchanges | CROOKSLDN	45	45	167	154	Crooks London delivery, sizing and exchange questions answered: same-day dispatch before 18:00, free UK shipping over £30, and worldwide delivery in 7–14…			COMMONLY ASKED QUESTIONS	COMMONLY ASKED QUESTIONS	https://crooksldn.com/pages/faq	Answerx14; ContactPoint; EntryPoint; FAQPage; Organization; Questionx14; SearchAction; WebSite	Answerx14; Brand; ContactPoint; EntryPoint; FAQPage; MerchantReturnPolicy; Organization; Questionx14; SearchAction; WebSite	0
https://crooksldn.com/pages/returns	Returns\n – CROOKSLDN	Returns | CROOKSLDN	20	19	0	0				Returns & exchanges	Returns & exchanges	https://crooksldn.com/pages/returns	ContactPoint; EntryPoint; Organization; SearchAction; WebSite	Brand; ContactPoint; EntryPoint; MerchantReturnPolicy; Organization; SearchAction; WebSite	0
https://crooksldn.com/pages/terms	Terms: Delivery, Returns & Refunds | CROOKSLDN	Terms: Delivery, Returns & Refunds | CROOKSLDN	46	46	135	135	How buying from Crooks London works, in plain English: carriage, dispatch, returns, size swaps, faulty items, refunds and lost parcels.			TERMS	TERMS	https://crooksldn.com/pages/terms	ContactPoint; EntryPoint; Organization; SearchAction; WebSite	Brand; ContactPoint; EntryPoint; MerchantReturnPolicy; Organization; SearchAction; WebSite	0
https://crooksldn.com/pages/tracking	Track Your Order | CROOKSLDN	Track Your Order | CROOKSLDN	28	28	142	142	Track a Crooks London order without an account. UK orders arrive 1–2 working days after dispatch; international orders take 7–14 working days.				Track your order	https://crooksldn.com/pages/tracking	ContactPoint; EntryPoint; Organization; SearchAction; WebSite	Brand; ContactPoint; EntryPoint; MerchantReturnPolicy; Organization; SearchAction; WebSite	0
https://crooksldn.com/products/black-joggers	Black Convict Sweats — 550gsm Baggy Joggers | CROOKSLDN	Black Convict Sweats — 550gsm Baggy Joggers | CROOKSLDN	55	55	142	142	Convict Sweats in black. 550gsm brushed fleece, baggy fit, cuffed hem with white piping. Pairs with the Black Convict Hoodie as the Black Set.			BLACK CONVICT SWEATS	BLACK CONVICT SWEATS	https://crooksldn.com/products/black-joggers	Brand; BreadcrumbList; ContactPoint; EntryPoint; ListItemx3; Offerx5; Organizationx6; Productx5; ProductGroup; SearchAction; WebSite	Brandx2; BreadcrumbList; ContactPoint; DefinedRegionx5; EntryPoint; ListItemx3; MerchantReturnPolicy; MonetaryAmountx5; Offerx5; OfferShippingDetailsx5; Organizationx6; Productx5; ProductGroup; QuantitativeValuex10; SearchAction; ShippingDeliveryTimex5; WebSite	0
https://crooksldn.com/products/black-socks	MotionTec Socks in Black and Blue | CROOKSLDN	MotionTec Socks in Black and Blue | CROOKSLDN	45	45	136	136	MotionTec socks in black and blue. Cotton blend with a reinforced heel, made for constant movement. Single pairs or packs of 3, 6 or 12.			BLACK/BLUE MOTIONTEC™ SOCKS	BLACK/BLUE MOTIONTEC™ SOCKS	https://crooksldn.com/products/black-socks	Brand; BreadcrumbList; ContactPoint; EntryPoint; ListItemx3; Offerx4; Organizationx5; Productx4; ProductGroup; SearchAction; WebSite	Brandx2; BreadcrumbList; ContactPoint; DefinedRegionx4; EntryPoint; ListItemx3; MerchantReturnPolicy; MonetaryAmountx4; Offerx4; OfferShippingDetailsx4; Organizationx5; Productx4; ProductGroup; PropertyValue; QuantitativeValuex8; SearchAction; ShippingDeliveryTimex4; WebSite	0
https://crooksldn.com/products/blue-wash-yard-jeans	Blue Wash Yard Jeans — 14oz Straight Leg Denim | CROOKSLDN	Blue Wash Yard Jeans — 14oz Straight Leg Denim	58	46	136	136	Yard Jeans in blue wash. 14oz denim, OG straight cut, mid rise. Structured, not baggy. Embroidered handcuff graphic on the back pockets.			BLUE WASH YARD JEANS	BLUE WASH YARD JEANS	https://crooksldn.com/products/blue-wash-yard-jeans	Brand; BreadcrumbList; ContactPoint; EntryPoint; ListItemx3; Offerx5; Organizationx6; Productx5; ProductGroup; SearchAction; WebSite	Brandx2; BreadcrumbList; ContactPoint; Country; DefinedRegionx5; EntryPoint; ListItemx2; MerchantReturnPolicy; MonetaryAmountx5; Offerx5; OfferShippingDetailsx5; Organizationx6; Productx5; ProductGroup; PropertyValuex2; QuantitativeValuex10; SearchAction; ShippingDeliveryTimex5; WebSite	0
https://crooksldn.com/products/blue-wash-yard-jorts	Blue Wash Yard Jorts — 14oz Baggy Denim Shorts | CROOKSLDN	Blue Wash Yard Jorts — 14oz Baggy Denim Shorts	58	46	133	133	Yard Jorts in blue wash. Baggy 14oz denim shorts finishing below the knee, with the signature Convict embroidery on the back pockets.			BLUE WASH YARD JORTS	BLUE WASH YARD JORTS	https://crooksldn.com/products/blue-wash-yard-jorts	Brand; BreadcrumbList; ContactPoint; EntryPoint; ListItemx3; Offerx5; Organizationx6; Productx5; ProductGroup; SearchAction; WebSite	Brandx2; BreadcrumbList; ContactPoint; Country; DefinedRegionx5; EntryPoint; ListItemx2; MerchantReturnPolicy; MonetaryAmountx5; Offerx5; OfferShippingDetailsx5; Organizationx6; Productx5; ProductGroup; PropertyValuex2; QuantitativeValuex10; SearchAction; ShippingDeliveryTimex5; WebSite	0
https://crooksldn.com/products/charcoal-cellblock-crewneck	Charcoal Cellblock Crewneck — 450gsm Fleece | CROOKSLDN	Charcoal Cellblock Crewneck — 450gsm Fleece | CROOKSLDN	55	55	133	133	Cellblock Crewneck in charcoal. 450gsm brushed fleece, relaxed cut, 3D embroidery. Made in Portugal. Pairs with the Cellblock Shorts.			CHARCOAL CELLBLOCK CREWNECK	CHARCOAL CELLBLOCK CREWNECK	https://crooksldn.com/products/charcoal-cellblock-crewneck	Brand; BreadcrumbList; ContactPoint; EntryPoint; ListItemx3; Offerx5; Organizationx6; Productx5; ProductGroup; SearchAction; WebSite	Brandx2; BreadcrumbList; ContactPoint; Country; DefinedRegionx5; EntryPoint; ListItemx3; MerchantReturnPolicy; MonetaryAmountx5; Offerx5; OfferShippingDetailsx5; Organizationx6; Productx5; ProductGroup; PropertyValuex2; QuantitativeValuex10; SearchAction; ShippingDeliveryTimex5; WebSite	0
https://crooksldn.com/products/charcoal-cellblock-shorts	Charcoal Cellblock Shorts — 450gsm Fleece | CROOKSLDN	Charcoal Cellblock Shorts — 450gsm Fleece | CROOKSLDN	53	53	140	140	Cellblock Shorts in charcoal. 450gsm brushed fleece, relaxed cut finishing above the knee, 3D embroidery. Pairs with the Cellblock Crewneck.			CHARCOAL CELLBLOCK SHORTS	CHARCOAL CELLBLOCK SHORTS	https://crooksldn.com/products/charcoal-cellblock-shorts	Brand; BreadcrumbList; ContactPoint; EntryPoint; ListItemx3; Offerx5; Organizationx6; Productx5; ProductGroup; SearchAction; WebSite	Brandx2; BreadcrumbList; ContactPoint; Country; DefinedRegionx5; EntryPoint; ListItemx3; MerchantReturnPolicy; MonetaryAmountx5; Offerx5; OfferShippingDetailsx5; Organizationx6; Productx5; ProductGroup; PropertyValuex2; QuantitativeValuex10; SearchAction; ShippingDeliveryTimex5; WebSite	0
https://crooksldn.com/products/convict-hoodie-1	Black Convict Hoodie — 550gsm Brushed Fleece | CROOKSLDN	Black Convict Hoodie — 550gsm Brushed Fleece | CROOKSLDN	56	56	135	135	Convict Hoodie in black. 550gsm brushed fleece, baggy fit, white contrast piping. Pairs with the Black Convict Sweats as the Black Set.			BLACK CONVICT HOODIE	BLACK CONVICT HOODIE	https://crooksldn.com/products/convict-hoodie-1	Brand; BreadcrumbList; ContactPoint; EntryPoint; ListItemx3; Offerx5; Organizationx6; Productx5; ProductGroup; SearchAction; WebSite	Brandx2; BreadcrumbList; ContactPoint; DefinedRegionx5; EntryPoint; ListItemx3; MerchantReturnPolicy; MonetaryAmountx5; Offerx5; OfferShippingDetailsx5; Organizationx6; Productx5; ProductGroup; QuantitativeValuex10; SearchAction; ShippingDeliveryTimex5; WebSite	0
https://crooksldn.com/products/crooks-express-t-shirt	Crooks Express Tee — Cotton Logo T-Shirt | CROOKSLDN	Crooks Express Tee — Cotton Logo T-Shirt | CROOKSLDN	52	52	120	120	Crooks Express tee in cotton, with the red CROOKS logo and blue dashed-line graphic across the chest. In black or white.			CROOKS EXPRESS TEE	CROOKS EXPRESS TEE	https://crooksldn.com/products/crooks-express-t-shirt	Brand; BreadcrumbList; ContactPoint; EntryPoint; ListItemx3; Offerx10; Organizationx11; Productx10; ProductGroup; SearchAction; WebSite	Brandx2; BreadcrumbList; ContactPoint; DefinedRegionx10; EntryPoint; ListItemx3; MerchantReturnPolicy; MonetaryAmountx10; Offerx10; OfferShippingDetailsx10; Organizationx11; Productx10; ProductGroup; QuantitativeValuex20; SearchAction; ShippingDeliveryTimex10; WebSite	0
https://crooksldn.com/products/crx-garms-t-shirt	CRX Garms T-Shirt — Premium Cotton Tee | CROOKSLDN	CRX Garms T-Shirt — Premium Cotton Tee | CROOKSLDN	50	50	121	121	CRX Garms tee in premium cotton with a structured fit and the CRX Garms logo graphic across the chest. In black or white.			CRX GARMS T-SHIRT	CRX GARMS T-SHIRT	https://crooksldn.com/products/crx-garms-t-shirt	Brand; BreadcrumbList; ContactPoint; EntryPoint; ListItemx3; Offerx10; Organizationx11; Productx10; ProductGroup; SearchAction; WebSite	Brandx2; BreadcrumbList; ContactPoint; DefinedRegionx10; EntryPoint; ListItemx3; MerchantReturnPolicy; MonetaryAmountx10; Offerx10; OfferShippingDetailsx10; Organizationx11; Productx10; ProductGroup; QuantitativeValuex20; SearchAction; ShippingDeliveryTimex10; WebSite	0
https://crooksldn.com/products/crxst-rz-t-shirt	CRXSTARZ T-Shirt — CROOKS Logo Cotton Tee | CROOKSLDN	CRXSTARZ T-Shirt — CROOKS Logo Cotton Tee | CROOKSLDN	53	53	107	107	CRXST★RZ tee in cotton, with the outlined CROOKS wordmark and red star across the chest. In black or white.			CRXST★RZ T-SHIRT	CRXST★RZ T-SHIRT	https://crooksldn.com/products/crxst-rz-t-shirt	Brand; BreadcrumbList; ContactPoint; EntryPoint; ListItemx3; Offerx10; Organizationx11; Productx10; ProductGroup; SearchAction; WebSite	Brandx2; BreadcrumbList; ContactPoint; DefinedRegionx10; EntryPoint; ListItemx3; MerchantReturnPolicy; MonetaryAmountx10; Offerx10; OfferShippingDetailsx10; Organizationx11; Productx10; ProductGroup; QuantitativeValuex20; SearchAction; ShippingDeliveryTimex10; WebSite	0
https://crooksldn.com/products/double-agent-puffa	DOUBLE-AGENT PUFFA\n – CROOKSLDN	DOUBLE-AGENT PUFFA | CROOKSLDN	31	30	188	146	Heat-reactive puffer with signature Crooks handcuff embroidery to the chest and hood. Changes appearance with temperature, finished with a padded…			DOUBLE-AGENT PUFFA	DOUBLE-AGENT PUFFA	https://crooksldn.com/products/double-agent-puffa	Brand; BreadcrumbList; ContactPoint; EntryPoint; ListItemx2; Offerx5; Organizationx6; Productx5; ProductGroup; SearchAction; WebSite	Brandx2; BreadcrumbList; ContactPoint; DefinedRegionx5; EntryPoint; ListItemx2; MerchantReturnPolicy; MonetaryAmountx5; Offerx5; OfferShippingDetailsx5; Organizationx6; Productx5; ProductGroup; QuantitativeValuex10; SearchAction; ShippingDeliveryTimex5; WebSite	0
https://crooksldn.com/products/grey-wash-yard-jeans	Grey Wash Yard Jeans — 14oz Straight Leg Denim | CROOKSLDN	Grey Wash Yard Jeans — 14oz Straight Leg Denim	58	46	124	124	Yard Jeans in grey wash. 14oz denim, OG straight cut, mid rise. Structured, not baggy. Handcuff graphic on the back pockets.			GREY WASH YARD JEANS	GREY WASH YARD JEANS	https://crooksldn.com/products/grey-wash-yard-jeans	Brand; BreadcrumbList; ContactPoint; EntryPoint; ListItemx3; Offerx5; Organizationx6; Productx5; ProductGroup; SearchAction; WebSite	Brandx2; BreadcrumbList; ContactPoint; Country; DefinedRegionx5; EntryPoint; ListItemx2; MerchantReturnPolicy; MonetaryAmountx5; Offerx5; OfferShippingDetailsx5; Organizationx6; Productx5; ProductGroup; PropertyValuex2; QuantitativeValuex10; SearchAction; ShippingDeliveryTimex5; WebSite	0
https://crooksldn.com/products/grey-wash-yard-jorts	Grey Wash Yard Jorts — 14oz Baggy Denim Shorts | CROOKSLDN	Grey Wash Yard Jorts — 14oz Baggy Denim Shorts	58	46	133	133	Yard Jorts in grey wash. Baggy 14oz denim shorts finishing below the knee, with the signature Convict embroidery on the back pockets.			GREY WASH YARD JORTS	GREY WASH YARD JORTS	https://crooksldn.com/products/grey-wash-yard-jorts	Brand; BreadcrumbList; ContactPoint; EntryPoint; ListItemx3; Offerx5; Organizationx6; Productx5; ProductGroup; SearchAction; WebSite	Brandx2; BreadcrumbList; ContactPoint; Country; DefinedRegionx5; EntryPoint; ListItemx2; MerchantReturnPolicy; MonetaryAmountx5; Offerx5; OfferShippingDetailsx5; Organizationx6; Productx5; ProductGroup; PropertyValuex2; QuantitativeValuex10; SearchAction; ShippingDeliveryTimex5; WebSite	0
https://crooksldn.com/products/hydrocuff-windbreaker	HydroCuff Windbreaker — Water-Reactive Jacket | CROOKSLDN	HydroCuff Windbreaker — Water-Reactive Jacket	57	45	141	141	HydroCuff windbreaker with a water-activated cuff pattern that emerges in the rain. Hooded, with zipped front pockets and contrast stitching.			HYDROCUFF WINDBREAKER	HYDROCUFF WINDBREAKER	https://crooksldn.com/products/hydrocuff-windbreaker	Brand; BreadcrumbList; ContactPoint; EntryPoint; ListItemx2; Offerx5; Organizationx6; Productx5; ProductGroup; SearchAction; WebSite	Brandx2; BreadcrumbList; ContactPoint; DefinedRegionx5; EntryPoint; ListItemx2; MerchantReturnPolicy; MonetaryAmountx5; Offerx5; OfferShippingDetailsx5; Organizationx6; Productx5; ProductGroup; QuantitativeValuex10; SearchAction; ShippingDeliveryTimex5; WebSite	0
https://crooksldn.com/products/major-league-crooks-cap-cream	MAJOR LEAGUE CROOKS CAP (CREAM)\n – CROOKSLDN	MAJOR LEAGUE CROOKS CAP (CREAM) | CROOKSLDN	44	43	0	71	MAJOR LEAGUE CROOKS CAP (CREAM) from CROOKSLDN (Crooks London), £32.00.			MAJOR LEAGUE CROOKS CAP (CREAM)	MAJOR LEAGUE CROOKS CAP (CREAM)	https://crooksldn.com/products/major-league-crooks-cap-cream	Brand; BreadcrumbList; ContactPoint; EntryPoint; ListItemx2; Offer; Organizationx2; Product; SearchAction; WebSite	Brandx2; BreadcrumbList; ContactPoint; DefinedRegion; EntryPoint; ListItemx2; MerchantReturnPolicy; MonetaryAmount; Offer; OfferShippingDetails; Organizationx2; Product; QuantitativeValuex2; SearchAction; ShippingDeliveryTime; WebSite	0
https://crooksldn.com/products/og-jeans	OG Jeans — Heavyweight Baggy Stacked Denim | CROOKSLDN	OG Jeans — Heavyweight Baggy Stacked Denim | CROOKSLDN	54	54	125	125	OG Jeans in heavyweight denim with a baggy, stacked fit that holds its structure. White handcuff graphic on the back pockets.			OG JEANS	OG JEANS	https://crooksldn.com/products/og-jeans	Brand; BreadcrumbList; ContactPoint; EntryPoint; ListItemx3; Offerx5; Organizationx6; Productx5; ProductGroup; SearchAction; WebSite	Brandx2; BreadcrumbList; ContactPoint; DefinedRegionx5; EntryPoint; ListItemx3; MerchantReturnPolicy; MonetaryAmountx5; Offerx5; OfferShippingDetailsx5; Organizationx6; Productx5; ProductGroup; QuantitativeValuex10; SearchAction; ShippingDeliveryTimex5; WebSite	0
https://crooksldn.com/products/pink-crsdr-hoodie	Pink Convict Hoodie — 550gsm Brushed Fleece | CROOKSLDN	Pink Convict Hoodie — 550gsm Brushed Fleece | CROOKSLDN	55	55	147	147	Convict Hoodie in pink. 550gsm brushed fleece, baggy fit, white piping and handcuff embroidery. Pairs with the Pink Convict Sweats as the Pink Set.			PINK CONVICT HOODIE	PINK CONVICT HOODIE	https://crooksldn.com/products/pink-crsdr-hoodie	Brand; BreadcrumbList; ContactPoint; EntryPoint; ListItemx3; Offerx10; Organizationx11; Productx10; ProductGroup; SearchAction; WebSite	Brandx2; BreadcrumbList; ContactPoint; DefinedRegionx10; EntryPoint; ListItemx3; MerchantReturnPolicy; MonetaryAmountx10; Offerx10; OfferShippingDetailsx10; Organizationx11; Productx10; ProductGroup; QuantitativeValuex20; SearchAction; ShippingDeliveryTimex10; WebSite	0
https://crooksldn.com/products/pink-crsdr-joggers	Pink Convict Sweats — 550gsm Baggy Joggers | CROOKSLDN	Pink Convict Sweats — 550gsm Baggy Joggers | CROOKSLDN	54	54	139	139	Convict Sweats in pink. 550gsm brushed fleece, baggy fit, cuffed hem with white piping. Pairs with the Pink Convict Hoodie as the Pink Set.			PINK CONVICT SWEATS	PINK CONVICT SWEATS	https://crooksldn.com/products/pink-crsdr-joggers	Brand; BreadcrumbList; ContactPoint; EntryPoint; ListItemx3; Offerx5; Organizationx6; Productx5; ProductGroup; SearchAction; WebSite	Brandx2; BreadcrumbList; ContactPoint; DefinedRegionx5; EntryPoint; ListItemx3; MerchantReturnPolicy; MonetaryAmountx5; Offerx5; OfferShippingDetailsx5; Organizationx6; Productx5; ProductGroup; QuantitativeValuex10; SearchAction; ShippingDeliveryTimex5; WebSite	0
https://crooksldn.com/products/v1-hoodie	Grey Convict Hoodie — 550gsm Brushed Fleece | CROOKSLDN	Grey Convict Hoodie — 550gsm Brushed Fleece | CROOKSLDN	55	55	136	136	Convict Hoodie in grey. 550gsm brushed fleece, baggy fit, embroidered handcuff logo. Pairs with the Grey Convict Sweats as the Grey Set.			GREY CONVICT HOODIE	GREY CONVICT HOODIE	https://crooksldn.com/products/v1-hoodie	Brand; BreadcrumbList; ContactPoint; EntryPoint; ListItemx3; Offerx5; Organizationx6; Productx5; ProductGroup; SearchAction; WebSite	Brandx2; BreadcrumbList; ContactPoint; DefinedRegionx5; EntryPoint; ListItemx3; MerchantReturnPolicy; MonetaryAmountx5; Offerx5; OfferShippingDetailsx5; Organizationx6; Productx5; ProductGroup; QuantitativeValuex10; SearchAction; ShippingDeliveryTimex5; WebSite	0
https://crooksldn.com/products/v2-baggies	Grey Convict Sweats — 550gsm Baggy Joggers | CROOKSLDN	Grey Convict Sweats — 550gsm Baggy Joggers | CROOKSLDN	54	54	121	121	Convict Sweats in grey. 550gsm brushed fleece, baggy fit, cuffed hem. Pairs with the Grey Convict Hoodie as the Grey Set.			GREY CONVICT SWEATS	GREY CONVICT SWEATS	https://crooksldn.com/products/v2-baggies	Brand; BreadcrumbList; ContactPoint; EntryPoint; ListItemx3; Offerx5; Organizationx6; Productx5; ProductGroup; SearchAction; WebSite	Brandx2; BreadcrumbList; ContactPoint; Country; DefinedRegionx5; EntryPoint; ListItemx3; MerchantReturnPolicy; MonetaryAmountx5; Offerx5; OfferShippingDetailsx5; Organizationx6; Productx5; ProductGroup; PropertyValuex2; QuantitativeValuex10; SearchAction; ShippingDeliveryTimex5; WebSite	0
https://crooksldn.com/products/white-socks	MotionTec Socks in White and Red | CROOKSLDN	MotionTec Socks in White and Red | CROOKSLDN	44	44	135	135	MotionTec socks in white and red. Cotton blend with a reinforced heel, made for constant movement. Single pairs or packs of 3, 6 or 12.			WHITE/RED MOTIONTEC™ SOCKS	WHITE/RED MOTIONTEC™ SOCKS	https://crooksldn.com/products/white-socks	Brand; BreadcrumbList; ContactPoint; EntryPoint; ListItemx3; Offerx4; Organizationx5; Productx4; ProductGroup; SearchAction; WebSite	Brandx2; BreadcrumbList; ContactPoint; DefinedRegionx4; EntryPoint; ListItemx3; MerchantReturnPolicy; MonetaryAmountx4; Offerx4; OfferShippingDetailsx4; Organizationx5; Productx4; ProductGroup; QuantitativeValuex8; SearchAction; ShippingDeliveryTimex4; WebSite	0
https://crooksldn.com/cart	Your Shopping Cart\n – CROOKSLDN	Your Shopping Cart | CROOKSLDN	31	30	0	0			noindex, follow	Your cart is empty	Your cart is empty	https://crooksldn.com/cart	ContactPoint; EntryPoint; Organization; SearchAction; WebSite	Brand; ContactPoint; EntryPoint; MerchantReturnPolicy; Organization; SearchAction; WebSite	0
https://crooksldn.com/search	Search\n – CROOKSLDN	Search | CROOKSLDN	19	18	0	0			noindex, follow		Search the store	https://crooksldn.com/search	ContactPoint; EntryPoint; Organization; SearchAction; WebSite	Brand; ContactPoint; EntryPoint; MerchantReturnPolicy; Organization; SearchAction; WebSite	0
https://crooksldn.com/search?q=jeans	Search: 5 results found for "jeans"\n – CROOKSLDN	Search: 5 results found for "jeans" | CROOKSLDN	48	47	0	0			noindex, follow		Search the store	https://crooksldn.com/search?q=jeans	ContactPoint; EntryPoint; Organization; SearchAction; WebSite	Brand; ContactPoint; EntryPoint; MerchantReturnPolicy; Organization; SearchAction; WebSite	0
https://crooksldn.com/policies/refund-policy	Refund policy\n – CROOKSLDN	Refund policy | CROOKSLDN	26	25	0	0				Refund policy	Refund policy	https://crooksldn.com/policies/refund-policy	ContactPoint; EntryPoint; Organization; SearchAction; WebSite	Brand; ContactPoint; EntryPoint; MerchantReturnPolicy; Organization; SearchAction; WebSite	0
https://crooksldn.com/policies/shipping-policy	Shipping policy\n – CROOKSLDN	Shipping policy | CROOKSLDN	28	27	0	0				Shipping policy	Shipping policy	https://crooksldn.com/policies/shipping-policy	ContactPoint; EntryPoint; Organization; SearchAction; WebSite	Brand; ContactPoint; EntryPoint; MerchantReturnPolicy; Organization; SearchAction; WebSite	0
https://crooksldn.com/policies/terms-of-service	Terms of service\n – CROOKSLDN	Terms of service | CROOKSLDN	29	28	0	0				Terms of service	Terms of service	https://crooksldn.com/policies/terms-of-service	ContactPoint; EntryPoint; Organization; SearchAction; WebSite	Brand; ContactPoint; EntryPoint; MerchantReturnPolicy; Organization; SearchAction; WebSite	0
https://crooksldn.com/policies/privacy-policy	Privacy policy\n – CROOKSLDN	Privacy policy | CROOKSLDN	27	26	0	0				Privacy policy	Privacy policy	https://crooksldn.com/policies/privacy-policy	ContactPoint; EntryPoint; Organization; SearchAction; WebSite	Brand; ContactPoint; EntryPoint; MerchantReturnPolicy; Organization; SearchAction; WebSite	0
https://crooksldn.com/policies/contact-information	Contact information\n – CROOKSLDN	Contact information | CROOKSLDN	32	31	0	0				Contact information	Contact information	https://crooksldn.com/policies/contact-information	ContactPoint; EntryPoint; Organization; SearchAction; WebSite	Brand; ContactPoint; EntryPoint; MerchantReturnPolicy; Organization; SearchAction; WebSite	0
https://crooksldn.com/products/blue-wash-yard-jeans?variant=53639822377303	Blue Wash Yard Jeans — 14oz Straight Leg Denim | CROOKSLDN	Blue Wash Yard Jeans — 14oz Straight Leg Denim	58	46	136	136	Yard Jeans in blue wash. 14oz denim, OG straight cut, mid rise. Structured, not baggy. Embroidered handcuff graphic on the back pockets.			BLUE WASH YARD JEANS	BLUE WASH YARD JEANS	https://crooksldn.com/products/blue-wash-yard-jeans	Brand; BreadcrumbList; ContactPoint; EntryPoint; ListItemx3; Offerx5; Organizationx6; Productx5; ProductGroup; SearchAction; WebSite	Brandx2; BreadcrumbList; ContactPoint; Country; DefinedRegionx5; EntryPoint; ListItemx2; MerchantReturnPolicy; MonetaryAmountx5; Offerx5; OfferShippingDetailsx5; Organizationx6; Productx5; ProductGroup; PropertyValuex2; QuantitativeValuex10; SearchAction; ShippingDeliveryTimex5; WebSite	0
