https://crooksldn.com/cdn/shop/files/crooksldn-blue-wash-straight-denim-jeans.png?v=1788194148&width=1400	1815	image/webp	246686
https://crooksldn.com/cdn/shop/files/crooksldn-blue-wash-denim-jeans_33cac148-f3ca-448a-8c9a-30ff0047564d.png?v=1788194148&width=1400	1623	image/webp	211624
https://crooksldn.com/cdn/shop/files/1a0b9830-b3ca-4332-a7b0-b17607cb5060.png?v=1790957038&width=1400	1520	image/webp	157412
https://crooksldn.com/cdn/shop/files/IMG-1202_c93e927c-2c68-4041-b43d-2e7f571e8a20.png?v=1788189059&width=3840	1397	image/webp	151632
https://crooksldn.com/cdn/shop/files/crooksldn-grey-convict-fleece-hoodie_892e8e2e-338d-4e90-8e84-d175e4bcb5ad.png?v=1788190419&width=3840	1366	image/webp	132554
https://crooksldn.com/cdn/shop/files/crooksldn-grey-wash-straight-jeans.png?v=1788188131&width=1400	1365	image/webp	145210
https://crooksldn.com/cdn/shop/files/88b52784-5698-4f8d-bd88-a47e712b4e7f.png?v=1790957038&width=1400	1231	image/webp	131320
https://crooksldn.com/cdn/shop/files/crooksldn-blue-wash-denim-jorts.png?v=1786031414&width=1400	1181	image/webp	158050
https://crooksldn.com/cdn/shop/files/IMG-1223.png?v=1788194751&width=1400	1141	image/webp	169536
https://crooksldn.com/cdn/shop/files/crooksldn-charcoal-cellblock-fleece-shorts.png?v=1788194049&width=1400	1083	image/webp	121764
https://crooksldn.com/cdn/shop/files/crooksldn-og-baggy-denim-jeans_ea4a51a6-44dd-409c-b1dc-6c0ae2156781.png?v=1788187446&width=1400	1071	image/webp	141968
https://crooksldn.com/cdn/shop/files/crooksldn-og-baggy-denim-jeans.png?v=1788187445&width=1400	1068	image/webp	141058
https://crooksldn.com/cdn/shop/files/crooksldn-charcoal-fleece-crewneck.png?v=1788188137&width=1400	1035	image/webp	131658
https://crooksldn.com/cdn/shop/files/crooksldn-grey-convict-hoodie-back.png?v=1788190419&width=1400	979	image/webp	78458
https://crooksldn.com/cdn/shop/files/crooksldn-grey-convict-hoodie-back.png?v=1788190419&width=3840	979	image/webp	78458
https://crooksldn.com/cdn/shop/files/crooksldn-grey-wash-denim-jorts.png?v=1788194813&width=1400	922	image/webp	93368
https://crooksldn.com/cdn/shop/files/blacksock.png?v=1784542125&width=1400	920	image/webp	71986
https://crooksldn.com/cdn/shop/files/crooksldn-pink-brushed-fleece-hoodie.png?v=1788192584&width=1400	911	image/webp	55008
https://crooksldn.com/cdn/shop/files/crooksldn-pink-baggy-sweatpants_d6c8adba-bc2f-430f-b66a-bb7992764d84.png?v=1788194052&width=1400	910	image/webp	68232
https://crooksldn.com/cdn/shop/files/crooksldn-pink-baggy-fleece-hoodie_dbe1c469-06d0-44ca-b26b-7a8ca1bc9b1d.png?v=1788192584&width=1400	898	image/webp	63192
https://crooksldn.com/cdn/shop/files/crooksldn-white-cotton-t-shirt.png?v=1788188192&width=1400	891	image/webp	34464
https://crooksldn.com/cdn/shop/files/crooksldn-charcoal-fleece-shorts_42086ef5-6b8e-4751-a4f4-2cd220ee8660.png?v=1788194049&width=1400	884	image/webp	86508
https://crooksldn.com/cdn/shop/files/1a0b9830-b3ca-4332-a7b0-b17607cb5060.png?v=1790957038&width=800	875	image/webp	121158
https://crooksldn.com/cdn/shop/files/crooksldn-grey-convict-fleece-hoodie_892e8e2e-338d-4e90-8e84-d175e4bcb5ad.png?v=1788190419&width=1400	874	image/webp	82476
https://crooksldn.com/cdn/shop/files/crooksldn-grey-wash-denim-jorts_a2e4085a-a36f-4452-88d3-adfce6d6915f.png?v=1788194813&width=1400	871	image/webp	113508
https://crooksldn.com/cdn/shop/files/IMG-1202_c93e927c-2c68-4041-b43d-2e7f571e8a20.png?v=1788189059&width=1400	868	image/webp	103010
https://crooksldn.com/cdn/shop/files/crooksldn-pink-baggy-fleece-hoodie_9dc3aa89-cebf-4248-a607-367c8e79ee98.png?v=1788192583&width=1400	863	image/webp	46832
https://crooksldn.com/cdn/shop/files/crooksldn-black-baggy-fleece-hoodie.png?v=1788192310&width=3840	849	image/webp	74420
https://crooksldn.com/cdn/shop/files/crooksldn-pink-baggy-fleece-sweatpants_e1020e28-42e0-4ce6-91ba-bb233d129028.png?v=1788194052&width=1400	847	image/webp	62840
https://crooksldn.com/cdn/shop/files/crooksldn-pink-baggy-fleece-hoodie-back.png?v=1788192584&width=1400	831	image/webp	56614
https://crooksldn.com/cdn/shop/files/crooksldn-black-graphic-tee.png?v=1788188192&width=1400	756	image/webp	31906
https://crooksldn.com/cdn/shop/files/crooksldn-white-crx-garms-tshirt.png?v=1788187442&width=1400	736	image/webp	31724
https://crooksldn.com/cdn/shop/files/88b52784-5698-4f8d-bd88-a47e712b4e7f.png?v=1790957038&width=800	718	image/webp	106362
https://crooksldn.com/cdn/shop/files/D787E520-B547-4893-BD87-188531749668_82149d90-2ba1-432e-b71c-9a1f9b8c9bb1.png?v=1788192310&width=3840	677	image/webp	39562
https://crooksldn.com/cdn/shop/files/D787E520-B547-4893-BD87-188531749668_82149d90-2ba1-432e-b71c-9a1f9b8c9bb1.png?v=1788192310&width=1400	677	image/webp	39562
https://crooksldn.com/cdn/shop/files/IMG-1248.png?v=1788217075&width=1400	675	image/webp	92914
https://crooksldn.com/cdn/shop/files/IMG-1248.png?v=1788217075&width=3840	675	image/webp	92914
https://crooksldn.com/cdn/shop/files/crooksldn-blue-wash-straight-denim-jeans.png?v=1788194148&width=800	614	image/webp	100254
https://crooksldn.com/cdn/shop/files/crooksldn-blue-wash-denim-jeans_33cac148-f3ca-448a-8c9a-30ff0047564d.png?v=1788194148&width=800	568	image/webp	89710
https://crooksldn.com/cdn/shop/files/crooksldn-black-baggy-fleece-hoodie.png?v=1788192310&width=1400	519	image/webp	50700
https://crooksldn.com/cdn/shop/files/IMG-1255.png?v=1788279083&width=1400	481	image/webp	59592
https://crooksldn.com/cdn/shop/files/IMG-1255.png?v=1788279083&width=3840	481	image/webp	59592
https://crooksldn.com/cdn/shop/files/crooksldn-charcoal-fleece-crewneck.png?v=1788188137&width=800	462	image/webp	81018
https://crooksldn.com/cdn/shop/files/crooksldn-grey-convict-hoodie-back.png?v=1788190419&width=800	460	image/webp	51356
https://crooksldn.com/cdn/shop/files/8I2A9051-2-Edit_copy.jpg?v=1784545500&width=1200	456	image/webp	305872
https://crooksldn.com/cdn/shop/files/IMG-3994.png?v=1786198496&width=1400	453	image/webp	42878
https://crooksldn.com/cdn/shop/files/IMG-1254.png?v=1788279082&width=1400	447	image/webp	50228
https://crooksldn.com/cdn/shop/files/IMG-1254.png?v=1788279082&width=3840	447	image/webp	50228
https://crooksldn.com/cdn/shop/files/crooksldn-grey-wash-straight-jeans.png?v=1788188131&width=800	446	image/webp	58318
https://crooksldn.com/cdn/shop/files/crooksldn-og-baggy-denim-jeans_ea4a51a6-44dd-409c-b1dc-6c0ae2156781.png?v=1788187446&width=800	441	image/webp	76364
https://crooksldn.com/cdn/shop/files/crooksldn-og-baggy-denim-jeans.png?v=1788187445&width=800	438	image/webp	75212
https://crooksldn.com/cdn/shop/files/crooksldn-black-crx-garms-t-shirt.png?v=1788187442&width=1400	434	image/webp	39736
https://crooksldn.com/cdn/shop/files/crooksldn-blue-wash-denim-jorts.png?v=1786031414&width=800	432	image/webp	76028
https://crooksldn.com/cdn/shop/files/blacksock.png?v=1784542125&width=800	416	image/webp	51222
https://crooksldn.com/cdn/shop/files/crooksldn-hydrocuff-black-windbreaker.png?v=1788187448&width=1400	390	image/webp	49764
https://crooksldn.com/cdn/shop/files/IMG-1223.png?v=1788194751&width=800	390	image/webp	65448
https://crooksldn.com/cdn/shop/files/crooksldn-white-cotton-t-shirt.png?v=1788188192&width=800	389	image/webp	23268
https://crooksldn.com/cdn/shop/files/crooksldn-pink-baggy-sweatpants_d6c8adba-bc2f-430f-b66a-bb7992764d84.png?v=1788194052&width=800	361	image/webp	37032
https://crooksldn.com/cdn/shop/files/crooksldn-charcoal-cellblock-fleece-shorts.png?v=1788194049&width=800	361	image/webp	52942
https://crooksldn.com/cdn/shop/files/IMG-1248.png?v=1788217075&width=800	357	image/webp	58664
https://crooksldn.com/cdn/shop/files/crooksldn-grey-convict-fleece-hoodie_892e8e2e-338d-4e90-8e84-d175e4bcb5ad.png?v=1788190419&width=800	356	image/webp	44386
https://crooksldn.com/cdn/shop/files/crooksldn-pink-baggy-fleece-hoodie_dbe1c469-06d0-44ca-b26b-7a8ca1bc9b1d.png?v=1788192584&width=800	356	image/webp	34578
https://crooksldn.com/cdn/shop/files/IMG_2393.jpg?v=1784545522&width=1200	353	image/webp	314252
https://crooksldn.com/cdn/shop/files/crooksldn-white-red-motiontec-socks.webp?v=1785769861&width=1400	348	image/webp	50704
https://crooksldn.com/cdn/shop/files/IMG-1202_c93e927c-2c68-4041-b43d-2e7f571e8a20.png?v=1788189059&width=800	343	image/webp	54878
https://crooksldn.com/cdn/shop/files/crooksldn-white-crx-garms-tshirt.png?v=1788187442&width=800	340	image/webp	22150
https://crooksldn.com/cdn/shop/files/crooksldn-black-graphic-tee.png?v=1788188192&width=800	339	image/webp	20894
https://crooksldn.com/cdn/shop/files/crooksldn-pink-baggy-fleece-sweatpants_e1020e28-42e0-4ce6-91ba-bb233d129028.png?v=1788194052&width=800	336	image/webp	33078
https://crooksldn.com/cdn/shop/files/crooksldn-pink-baggy-fleece-hoodie-back.png?v=1788192584&width=800	333	image/webp	30798
https://crooksldn.com/cdn/shop/files/crooksldn-grey-wash-denim-jorts.png?v=1788194813&width=800	332	image/webp	44028
https://crooksldn.com/cdn/shop/files/IMG-3995.png?v=1786198496&width=1400	330	image/webp	37278
https://crooksldn.com/cdn/shop/files/crooksldn-charcoal-fleece-shorts_42086ef5-6b8e-4751-a4f4-2cd220ee8660.png?v=1788194049&width=800	319	image/webp	44764
https://crooksldn.com/cdn/shop/files/8I2A8856-Edit_copy.jpg?v=1784545498&width=1200	312	image/webp	294520
https://crooksldn.com/cdn/shop/files/D787E520-B547-4893-BD87-188531749668_82149d90-2ba1-432e-b71c-9a1f9b8c9bb1.png?v=1788192310&width=800	307	image/webp	24638
https://crooksldn.com/cdn/shop/files/8I2A8814-Edit.jpg?v=1784545500&width=1200	302	image/webp	244024
https://crooksldn.com/cdn/shop/files/crooksldn-grey-wash-denim-jorts_a2e4085a-a36f-4452-88d3-adfce6d6915f.png?v=1788194813&width=800	299	image/webp	47266
https://crooksldn.com/cdn/shop/files/crooksldn-white-red-motiontec-socks.webp?v=1785769861&width=800	294	image/webp	39260
https://crooksldn.com/cdn/shop/files/compressedImage-2-3-rectangle.jpg?v=1787349145&width=1200	290	image/webp	261864
https://crooksldn.com/cdn/shop/files/IMG-1255.png?v=1788279083&width=800	257	image/webp	37256
https://crooksldn.com/cdn/shop/files/crooksldn-charcoal-cellblock-shorts.png?v=1786137911&width=800	251	image/webp	41092
https://crooksldn.com/cdn/shop/files/IMG-3995.png?v=1786198496&width=800	243	image/webp	25500
https://crooksldn.com/cdn/shop/files/IMG-1254.png?v=1788279082&width=800	235	image/webp	32148
https://crooksldn.com/cdn/shop/files/crooksldn-black-baggy-fleece-hoodie.png?v=1788192310&width=800	208	image/webp	26406
https://crooksldn.com/cdn/shop/files/IMG-3994.png?v=1786198496&width=800	195	image/webp	22620
https://crooksldn.com/cdn/shop/files/crooksldn-black-crx-garms-t-shirt.png?v=1788187442&width=800	191	image/webp	20992
https://crooksldn.com/cdn/shop/files/crooksldn-hydrocuff-black-windbreaker.png?v=1788187448&width=800	173	image/webp	27896
https://crooksldn.com/cdn/shop/files/crooksldn-blue-wash-denim-jeans_33cac148-f3ca-448a-8c9a-30ff0047564d.png?v=1788194148&width=400	135	image/webp	25704
https://crooksldn.com/cdn/shop/files/crooksldn-og-baggy-denim-jeans_ea4a51a6-44dd-409c-b1dc-6c0ae2156781.png?v=1788187446&width=400	132	image/webp	27392
https://crooksldn.com/cdn/shop/files/crooksldn-grey-convict-fleece-hoodie_892e8e2e-338d-4e90-8e84-d175e4bcb5ad.png?v=1788190419&width=400	108	image/webp	17136
https://crooksldn.com/cdn/shop/files/crooksldn-grey-wash-straight-jeans.png?v=1788188131&width=400	108	image/webp	16866
https://crooksldn.com/cdn/shop/files/crooksldn-pink-baggy-fleece-hoodie_dbe1c469-06d0-44ca-b26b-7a8ca1bc9b1d.png?v=1788192584&width=400	107	image/webp	15390
https://crooksldn.com/cdn/shop/files/crooksldn-pink-baggy-fleece-sweatpants_e1020e28-42e0-4ce6-91ba-bb233d129028.png?v=1788194052&width=400	102	image/webp	14894
